{
  "galaxy": "DEMO",
  "accept_rate": 0.2417,
  "params": {
    "V0": {
      "mean": 89.79868651999831,
      "median": 81.48682060462953,
      "p16": 58.889652114131714,
      "p84": 121.10892619026289
    },
    "Rc": {
      "mean": 19.0175892063419,
      "median": 19.630093234802583,
      "p16": 12.093064091517464,
      "p84": 26.472037557369017
    },
    "beta": {
      "mean": 0.32020714223392005,
      "median": 0.20310017276943504,
      "p16": -0.5258362885367351,
      "p84": 1.243803982172286
    },
    "f_gas": {
      "mean": 0.9965668858463025,
      "median": 0.9776647308228441,
      "p16": 0.30995576743702163,
      "p84": 1.7287978114541254
    },
    "f_disk": {
      "mean": 1.3017833268024457,
      "median": 1.3283476304001356,
      "p16": 1.2036532102340527,
      "p84": 1.4025874531587665
    },
    "f_bul": {
      "mean": 1.0033253488287468,
      "median": 1.0209788511142437,
      "p16": 0.31041867306017495,
      "p84": 1.7058995439424451
    },
    "df_amp": {
      "mean": 20.368356126353888,
      "median": 19.335028617179795,
      "p16": 11.180898181737822,
      "p84": 29.550460205198615
    },
    "df_exp": {
      "mean": -0.3482813155754356,
      "median": -0.2586122889541232,
      "p16": -0.8217554474111497,
      "p84": 0.055205838815767794
    },
    "logpost_median": -11.38930705876156
  },
  "theta_map": {
    "V0": 51.504871576064616,
    "Rc": 19.504823690830552,
    "beta": 0.05371818268877859,
    "f_gas": 1.385005671571118,
    "f_disk": 1.3539902686674135,
    "f_bul": 1.5813621662983641,
    "df_amp": 20.853080820395864,
    "df_exp": -0.2488130873135118
  },
  "loglike_max": -9.869909470951049,
  "AIC": 35.7398189419021,
  "BIC": 34.07389469572654,
  "n_points": 6,
  "figure": "/home/oai/share/UFF_local/outputs/DEMO_fit.png",
  "e8_figure": "/home/oai/share/UFF_local/outputs/DEMO_e8.png"
}